Symbol,Strategy Name,Name of Security,Status,Action,Quantity|Face Value,Price,Timing,Fill Price,Fill Price is Average,Time and Date(ET),Last Activity Date(ET),Reinvest Capital Gains,Order Number
TSLA 09/25/2026 357.50 P,,PUT TESLA INC $357.5 EXP 09/25/26,Filled,Sell to close,5 Contracts,Limit $6.40,Day,$6.40,No,3:45 PM 09/18/2026,3:45 PM 09/18/2026,,1000000000014
TSLA 09/25/2026 357.50 P,,PUT TESLA INC $357.5 EXP 09/25/26,Filled,Buy to open,5 Contracts,Limit $3.25,Day,$3.20,Yes,3:45 PM 09/18/2026,3:45 PM 09/18/2026,,1000000000013
AAPL,,APPLE INC,Filled,Sell,"1,000 Shares",Limit $232.10,Day,$232.10,No,10:31 AM 09/18/2026,10:36 AM 09/18/2026,,1000000000012
AAPL,,APPLE INC,Filled,Buy,"1,000 Shares",Market,Day,$226.40,No,10:02 AM 09/18/2026,10:02 AM 09/18/2026,,1000000000011
AMD,,ADVANCED MICRO DEVICES INC,Filled,Buy to cover,100 Shares,Market,Day,$148.50,No,2:20 PM 09/17/2026,2:20 PM 09/17/2026,,1000000000010
AMD,,ADVANCED MICRO DEVICES INC,Filled,Sell short,100 Shares,Limit $150.00,Day,$150.00,No,1:05 PM 09/17/2026,1:05 PM 09/17/2026,,1000000000009
NVDA 10/05/2026 230.00 C,,CALL NVIDIA CORP $230 EXP 10/05/26,Filled,Sell to close,10 Contracts,Limit $2.95,Day,$2.9512,Yes,11:40 AM 09/17/2026,11:40 AM 09/17/2026,,1000000000008
QQQ 10/16/2026 480.00 P,,PUT INVESCO QQQ TRUST $480 EXP 10/16/26,Filled,Buy to close,1 Contract,Market,Day,$3.90,No,10:15 AM 09/17/2026,10:15 AM 09/17/2026,,1000000000007
NVDA 10/05/2026 230.00 C,,CALL NVIDIA CORP $230 EXP 10/05/26,Filled,Buy to open,10 Contracts,Limit $2.20,Day,$2.20,No,9:31 AM 09/17/2026,9:31 AM 09/17/2026,,1000000000006
QQQ 10/16/2026 480.00 P,,PUT INVESCO QQQ TRUST $480 EXP 10/16/26,Filled,Sell to open,1 Contract,Limit $5.30,Day,$5.30,No,3:10 PM 09/16/2026,3:10 PM 09/16/2026,,1000000000005
SPY 10/02/2026 640.00 C,,CALL SPDR S&P 500 ETF $640 EXP 10/02/26,Filled,Buy to open,2 Contracts,Limit $3.10,Day,$3.10,No,1:00 PM 09/16/2026,1:00 PM 09/16/2026,,1000000000004
SPY 10/02/2026 640.00 C,,CALL SPDR S&P 500 ETF $640 EXP 10/02/26,Filled,Buy to open,2 Contracts,Market,Day,$2.90,No,9:45 AM 09/16/2026,9:45 AM 09/16/2026,,1000000000003
MSFT,,MICROSOFT CORP,Closed partial fill,Buy,200 Shares,Limit $410.00,Day,$410.00,No,9:40 AM 09/15/2026,4:00 PM 09/15/2026,,1000000000002
TSLA 09/25/2026 357.50 P,,PUT TESLA INC $357.5 EXP 09/25/26,Canceled,Sell to close,5 Contracts,Limit $7.00,Day,-,No,2:10 PM 09/18/2026,2:11 PM 09/18/2026,,1000000000018
NVDA 10/05/2026 230.00 C,,CALL NVIDIA CORP $230 EXP 10/05/26,Canceled,Buy to open,10 Contracts,Limit $2.10,GTC,-,No,9:31 AM 09/17/2026,9:31 AM 09/17/2026,,1000000000017
AMD,,ADVANCED MICRO DEVICES INC,Canceled,Buy to cover,100 Shares,Stop Market $151.00,Day,-,No,1:06 PM 09/17/2026,2:19 PM 09/17/2026,,1000000000016
SPY 10/02/2026 640.00 C,,CALL SPDR S&P 500 ETF $640 EXP 10/02/26,Canceled,Sell to close,4 Contracts,Limit $4.00,Day + ext,-,No,3:30 PM 09/16/2026,8:00 PM 09/16/2026,,1000000000015
